{
    "Resources/ParticleData/honou.json": {
        "StartPos": {
            "value0": 0.0,
            "value1": 0.0,
            "value2": 0.0,
            "value3": 0.0
        },
        "EndPos": {
            "value0": 0.0,
            "value1": 11.496000289916993,
            "value2": 0.0,
            "value3": 0.0
        },
        "StartColor": {
            "value0": 1.0,
            "value1": 0.05500000715255737,
            "value2": 0.0,
            "value3": 1.0
        },
        "EndColor": {
            "value0": 1.0,
            "value1": 0.024509787559509279,
            "value2": 0.024509787559509279,
            "value3": 1.0
        },
        "Angle": {
            "value0": 0.0,
            "value1": 0.0,
            "value2": 0.0,
            "value3": 0.0
        },
        "Shot": true,
        "EndPointActive": true,
        "RandomVelocity": true,
        "RandomLife": true,
        "RandomSpeed": false,
        "RandomScale": false,
        "Speed": 0.10300000011920929,
        "LerpStrength": 0.12399999797344208,
        "Scale": 0.4390000104904175,
        "ScaleTinker": -0.006000000052154064,
        "MaxLife": 60.0,
        "MaxParticleCount": 15000,
        "AdditiveSynthesis": 1,
        "RandomLifeMinMax": {
            "value0": 1.0,
            "value1": 30.0
        }
    }
}